what,kind,bundleId,bundleVersion,description,time
started,bundle,org.eclipse.jdt.core,3.7.3.v20120119-1537,"org.eclipse.jdt.core",1352474348711
started,bundle,org.eclipse.jdt.core.manipulation,1.4.0.v20110928-1453,"org.eclipse.jdt.core.manipulation",1352474348711
started,bundle,org.eclipse.jdt.launching,3.6.1.v20111006_r372,"org.eclipse.jdt.launching",1352474348712
started,bundle,org.eclipse.jdt.ui,3.7.2.v20120109-1427,"org.eclipse.jdt.ui",1352474348716
started,bundle,org.eclipse.jface,3.7.0.v20110928-1505,"org.eclipse.jface",1352474348717
started,bundle,org.eclipse.jgit,1.3.0.201202151440-r,"org.eclipse.jgit",1352474348718
started,bundle,org.eclipse.jsch.core,1.1.300.I20110514-0800,"org.eclipse.jsch.core",1352474348718
started,bundle,org.eclipse.mylyn.bugzilla.core,3.6.5.v20120123-0100,"org.eclipse.mylyn.bugzilla.core",1352474348777
started,bundle,org.eclipse.mylyn.bugzilla.ui,3.6.0.v20110608-1400,"org.eclipse.mylyn.bugzilla.ui",1352474348777
started,bundle,org.eclipse.mylyn.commons.identity,0.8.0.v20110608-1400,"org.eclipse.mylyn.commons.identity",1352474348778
started,bundle,org.eclipse.mylyn.commons.net,3.6.0.v20110608-1400,"org.eclipse.mylyn.commons.net",1352474348778
started,bundle,org.eclipse.mylyn.commons.ui,3.6.1.v20110720-0100,"org.eclipse.mylyn.commons.ui",1352474348779
started,bundle,org.eclipse.mylyn.context.core,3.6.1.v20110720-0100,"org.eclipse.mylyn.context.core",1352474348780
started,bundle,org.eclipse.mylyn.context.ui,3.6.1.v20120112-0100,"org.eclipse.mylyn.context.ui",1352474348781
started,bundle,org.eclipse.mylyn.monitor.ui,3.6.0.v20110608-1400,"org.eclipse.mylyn.monitor.ui",1352474348781
started,bundle,org.eclipse.mylyn.tasks.ui,3.6.5.v20120215-0100,"org.eclipse.mylyn.tasks.ui",1352474348783
started,bundle,org.eclipse.mylyn.team.ui,3.6.1.v20110825-0100,"org.eclipse.mylyn.team.ui",1352474348784
started,bundle,org.eclipse.pde,3.7.2.v201202080800,"org.eclipse.pde",1352474348785
started,bundle,org.eclipse.pde.core,3.7.1.v20120103_r372,"org.eclipse.pde.core",1352474348786
started,bundle,org.eclipse.pde.launching,3.6.0.v20110506,"org.eclipse.pde.launching",1352474348786
started,bundle,org.eclipse.pde.ui,3.6.100.v20120103_r372,"org.eclipse.pde.ui",1352474348789
started,bundle,org.eclipse.search,3.7.0.v20110928-1504,"org.eclipse.search",1352474348791
started,bundle,org.eclipse.team.core,3.6.0.I20110525-0800,"org.eclipse.team.core",1352474348791
started,bundle,org.eclipse.team.cvs.core,3.3.400.I20110510-0800,"org.eclipse.team.cvs.core",1352474348792
started,bundle,org.eclipse.team.cvs.ui,3.3.401.v20120126-1227,"org.eclipse.team.cvs.ui",1352474348794
started,bundle,org.eclipse.team.ui,3.6.101.R37x_v20111109-0800,"org.eclipse.team.ui",1352474348795
started,bundle,org.eclipse.ui,3.7.0.v20110928-1505,"org.eclipse.ui",1352474348798
started,bundle,org.eclipse.ui.console,3.5.100.v20111007_r372,"org.eclipse.ui.console",1352474348799
started,bundle,org.eclipse.ui.editors,3.7.0.v20110928-1504,"org.eclipse.ui.editors",1352474348800
started,bundle,org.eclipse.ui.forms,3.5.101.v20111011-1919,"org.eclipse.ui.forms",1352474348800
started,bundle,org.eclipse.ui.ide,3.7.0.v20110928-1505,"org.eclipse.ui.ide",1352474348803
started,bundle,org.eclipse.ui.net,1.2.100.v20111208-1155,"org.eclipse.ui.net",1352474348804
started,bundle,org.eclipse.ui.views,3.6.0.v20110928-1505,"org.eclipse.ui.views",1352474348805
started,bundle,org.eclipse.ui.views.log,1.0.200.v20110404,"org.eclipse.ui.views.log",1352474348805
started,bundle,org.eclipse.ui.workbench,3.7.1.v20120104-1859,"org.eclipse.ui.workbench",1352474348806
started,bundle,org.eclipse.ui.workbench.texteditor,3.7.0.v20110928-1504,"org.eclipse.ui.workbench.texteditor",1352474348808
started,bundle,org.eclipse.update.configurator,3.3.100.v20100512,"org.eclipse.update.configurator",1352474348809
started,bundle,org.eclipse.update.core,3.2.500.v20110330,"org.eclipse.update.core",1352474348810
started,bundle,org.eclipse.update.scheduler,3.2.300.v20100512,"org.eclipse.update.scheduler",1352474348811
os,sysinfo,,,"win32",1352474348817
arch,sysinfo,,,"x86_64",1352474348817
ws,sysinfo,,,"win32",1352474348817
locale,sysinfo,,,"cs_CZ",1352474348817
processors,sysinfo,,,"4",1352474348817
java.runtime.name,sysinfo,,,"Java(TM) SE Runtime Environment",1352474348817
java.runtime.version,sysinfo,,,"1.7.0_07-b11",1352474348817
java.specification.name,sysinfo,,,"Java Platform API Specification",1352474348817
java.specification.vendor,sysinfo,,,"Oracle Corporation",1352474348817
java.specification.version,sysinfo,,,"1.7",1352474348817
java.vendor,sysinfo,,,"Oracle Corporation",1352474348817
java.version,sysinfo,,,"1.7.0_07",1352474348817
java.vm.info,sysinfo,,,"mixed mode",1352474348817
java.vm.name,sysinfo,,,"Java HotSpot(TM) 64-Bit Server VM",1352474348817
java.vm.specification.name,sysinfo,,,"Java Virtual Machine Specification",1352474348817
java.vm.specification.vendor,sysinfo,,,"Oracle Corporation",1352474348817
java.vm.specification.version,sysinfo,,,"1.7",1352474348817
java.vm.vendor,sysinfo,,,"Oracle Corporation",1352474348817
java.vm.version,sysinfo,,,"23.3-b01",1352474348817
activated,view,org.eclipse.jdt.ui,3.7.2.v20120109-1427,"org.eclipse.jdt.ui.PackageExplorer",1352474385422
executed,command,org.eclipse.ui,3.7.0.v20110928-1505,"org.eclipse.ui.edit.selectAll",1352474388086
started,bundle,org.eclipse.ltk.core.refactoring,3.5.201.r372_v20111101-0700,"org.eclipse.ltk.core.refactoring",1352474389363
started,bundle,org.eclipse.ltk.ui.refactoring,3.6.0.v20110928-1453,"org.eclipse.ltk.ui.refactoring",1352474389375
started,bundle,org.eclipse.compare.core,3.5.200.I20110208-0800,"org.eclipse.compare.core",1352474389473
started,bundle,org.eclipse.compare,3.5.202.R37x_v20111109-0800,"org.eclipse.compare",1352474389478
executed,command,org.eclipse.ui.ide,3.7.0.v20110928-1505,"org.eclipse.ui.project.closeProject",1352474392505
started,bundle,org.eclipse.equinox.p2.garbagecollector,1.0.200.v20110815-1419,"org.eclipse.equinox.p2.garbagecollector",1352474392563
deactivated,workbench,org.eclipse.ui.workbench,3.7.1.v20120104-1859,"",1352474392836
started,bundle,org.eclipse.gef,3.7.2.v20111106-2020,"org.eclipse.gef",1352474393950
started,bundle,org.eclipse.ui.views.properties.tabbed,3.5.200.v20110928-1505,"org.eclipse.ui.views.properties.tabbed",1352474393951
started,bundle,org.eclipse.gmf.runtime.diagram.core,1.4.1.v20101221-2230,"org.eclipse.gmf.runtime.diagram.core",1352474393953
started,bundle,org.eclipse.emf.transaction,1.4.0.v20100331-1738,"org.eclipse.emf.transaction",1352474393960
started,bundle,org.eclipse.gmf.runtime.diagram.ui,1.5.0.v20110309-2230,"org.eclipse.gmf.runtime.diagram.ui",1352474393963
started,bundle,org.eclipse.gmf.runtime.diagram.ui.resources.editor,1.4.1.v20101119-2230,"org.eclipse.gmf.runtime.diagram.ui.resources.editor",1352474393964
started,bundle,org.eclipse.emf.ecoretools.diagram,1.0.0.v20110601-1615,"org.eclipse.emf.ecoretools.diagram",1352474393966
started,bundle,org.eclipse.gmf.runtime.common.core,1.4.1.v20101119-2230,"org.eclipse.gmf.runtime.common.core",1352474393972
started,bundle,org.eclipse.gmf.runtime.common.ui,1.5.0.v20101221-2230,"org.eclipse.gmf.runtime.common.ui",1352474393974
started,bundle,org.eclipse.gmf.runtime.emf.commands.core,1.4.0.v20100423-2359,"org.eclipse.gmf.runtime.emf.commands.core",1352474393976
started,bundle,org.eclipse.gmf.runtime.notation,1.5.0.v20110309-2159,"org.eclipse.gmf.runtime.notation",1352474393995
started,bundle,org.eclipse.gmf.runtime.gef.ui,1.4.1.v20101222-2230,"org.eclipse.gmf.runtime.gef.ui",1352474393996
started,bundle,org.eclipse.draw2d,3.7.2.v20111017-2020,"org.eclipse.draw2d",1352474394019
started,bundle,org.eclipse.gmf.runtime.common.ui.action,1.5.0.v20110607-1200,"org.eclipse.gmf.runtime.common.ui.action",1352474394028
started,bundle,org.eclipse.gmf.runtime.common.ui.services.action,1.4.0.v20100430-1518,"org.eclipse.gmf.runtime.common.ui.services.action",1352474394036
started,bundle,org.eclipse.gmf.runtime.common.ui.services,1.3.1.v20101118-2230,"org.eclipse.gmf.runtime.common.ui.services",1352474394039
started,bundle,org.eclipse.gmf.runtime.diagram.ui.providers,1.5.0.v20110216-2230,"org.eclipse.gmf.runtime.diagram.ui.providers",1352474394068
started,bundle,org.eclipse.gmf.runtime.diagram.ui.actions,1.4.1.v20101221-2230,"org.eclipse.gmf.runtime.diagram.ui.actions",1352474394077
started,bundle,org.eclipse.gmf.runtime.emf.core,1.4.1.v20101222-2230,"org.eclipse.gmf.runtime.emf.core",1352474394174
started,bundle,org.eclipse.emf.ecoretools.filters,1.0.0.v20110601-1615,"org.eclipse.emf.ecoretools.filters",1352474394276
started,bundle,org.eclipse.gmf.runtime.diagram.ui.providers.ide,1.2.0.v20090403-1720,"org.eclipse.gmf.runtime.diagram.ui.providers.ide",1352474394278
started,bundle,org.eclipse.gmf.runtime.common.ui.action.ide,1.5.0.v20101221-2230,"org.eclipse.gmf.runtime.common.ui.action.ide",1352474394280
started,bundle,org.eclipse.gmf.runtime.diagram.ui.printing,1.4.1.v20101119-2230,"org.eclipse.gmf.runtime.diagram.ui.printing",1352474394293
started,bundle,org.eclipse.gmf.runtime.diagram.ui.printing.render,1.4.1.v20101119-2230,"org.eclipse.gmf.runtime.diagram.ui.printing.render",1352474394293
started,bundle,org.eclipse.gmf.runtime.draw2d.ui,1.5.0.v20110505-2230,"org.eclipse.gmf.runtime.draw2d.ui",1352474394302
started,bundle,org.eclipse.gmf.runtime.draw2d.ui.render,1.4.1.v20101119-2230,"org.eclipse.gmf.runtime.draw2d.ui.render",1352474394303
started,bundle,org.eclipse.emf.workspace,1.5.1.v20110823-1800,"org.eclipse.emf.workspace",1352474394322
started,bundle,org.eclipse.emf.ecore.change,2.7.1.v20120127-1122,"org.eclipse.emf.ecore.change",1352474394350
activated,workbench,org.eclipse.ui.workbench,3.7.1.v20120104-1859,"",1352474395015
deactivated,workbench,org.eclipse.ui.workbench,3.7.1.v20120104-1859,"",1352474395495
activated,workbench,org.eclipse.ui.workbench,3.7.1.v20120104-1859,"",1352474398253
started,bundle,org.eclipse.emf.validation,1.4.0.v20100428-2315,"org.eclipse.emf.validation",1352474398274
deactivated,workbench,org.eclipse.ui.workbench,3.7.1.v20120104-1859,"",1352474398307
activated,workbench,org.eclipse.ui.workbench,3.7.1.v20120104-1859,"",1352474399310
error,log,,,"Unable to create editor ID org.eclipse.emf.ecoretools.diagram.part.EcoreDiagramEditorID: org.eclipse.core.runtime.CoreException: ERROR",1352474399355
opened,editor,org.eclipse.emf.ecoretools.diagram,1.0.0.v20110601-1615,"org.eclipse.emf.ecoretools.diagram.part.EcoreDiagramEditorID",1352474399396
opened,editor,org.eclipse.emf.ecoretools.diagram,1.0.0.v20110601-1615,"org.eclipse.emf.ecoretools.diagram.part.EcoreDiagramEditorID",1352474399398
closed,editor,org.eclipse.emf.ecore.editor,2.7.0.v20120130-0943,"org.eclipse.emf.ecore.presentation.EcoreEditorID",1352474399418
deactivated,workbench,org.eclipse.ui.workbench,3.7.1.v20120104-1859,"",1352474401894
activated,workbench,org.eclipse.ui.workbench,3.7.1.v20120104-1859,"",1352474427880
executed,command,org.eclipse.ui,3.7.0.v20110928-1505,"org.eclipse.ui.file.import",1352474427897
executed,command,org.eclipse.ui,3.7.0.v20110928-1505,"org.eclipse.ui.edit.selectAll",1352474430818
started,bundle,org.eclipse.jdt.apt.core,3.3.500.v20110420-1015,"org.eclipse.jdt.apt.core",1352474438381
started,bundle,org.eclipse.jdt.apt.pluggable.core,1.0.400.v20110305-1450,"org.eclipse.jdt.apt.pluggable.core",1352474438391
error,log,,,"Problems occurred when invoking code from plug-in: ""org.eclipse.ui.workbench"".",1352474439393
error,log,,,"Exception in Decorator. The 'ANTLR' decorator will be disabled.",1352474439394
error,log,,,"org/antlr/eclipse/core/AntlrCorePlugin",1352474439395
started,bundle,org.antlr.eclipse.ui,3.0.5,"org.antlr.eclipse.ui",1352474439408
activated,editor,org.eclipse.emf.ecoretools.diagram,1.0.0.v20110601-1615,"org.eclipse.emf.ecoretools.diagram.part.EcoreDiagramEditorID",1352474441872
started,bundle,org.eclipse.pde.build,3.7.0.v20111116-2009,"org.eclipse.pde.build",1352474442607
activated,view,org.eclipse.jdt.ui,3.7.2.v20120109-1427,"org.eclipse.jdt.ui.PackageExplorer",1352474444731
closed,editor,org.eclipse.emf.ecoretools.diagram,1.0.0.v20110601-1615,"org.eclipse.emf.ecoretools.diagram.part.EcoreDiagramEditorID",1352474444731
started,bundle,org.eclipse.gmf.runtime.emf.type.core,1.4.0.v20100423-2359,"org.eclipse.gmf.runtime.emf.type.core",1352474446125
started,bundle,org.eclipse.gmf.runtime.diagram.ui.render,1.4.1.v20101119-2230,"org.eclipse.gmf.runtime.diagram.ui.render",1352474446372
opened,editor,org.eclipse.emf.ecoretools.diagram,1.0.0.v20110601-1615,"org.eclipse.emf.ecoretools.diagram.part.EcoreDiagramEditorID",1352474446528
activated,editor,org.eclipse.emf.ecoretools.diagram,1.0.0.v20110601-1615,"org.eclipse.emf.ecoretools.diagram.part.EcoreDiagramEditorID",1352474446556
started,bundle,org.eclipse.gmf.runtime.notation.edit,1.4.0.v20100512-1416,"org.eclipse.gmf.runtime.notation.edit",1352474446666
activated,view,org.eclipse.jdt.ui,3.7.2.v20120109-1427,"org.eclipse.jdt.ui.PackageExplorer",1352474448044
opened,editor,org.eclipse.emf.ecore.editor,2.7.0.v20120130-0943,"org.eclipse.emf.ecore.presentation.EcoreEditorID",1352474448276
activated,editor,org.eclipse.emf.ecore.editor,2.7.0.v20120130-0943,"org.eclipse.emf.ecore.presentation.EcoreEditorID",1352474448312
activated,view,org.eclipse.jdt.ui,3.7.2.v20120109-1427,"org.eclipse.jdt.ui.PackageExplorer",1352474456990
deactivated,workbench,org.eclipse.ui.workbench,3.7.1.v20120104-1859,"",1352474465621
activated,workbench,org.eclipse.ui.workbench,3.7.1.v20120104-1859,"",1352474468449
executed,command,org.eclipse.ui,3.7.0.v20110928-1505,"org.eclipse.ui.file.properties",1352474468461
executed,command,org.eclipse.ui.ide,3.7.0.v20110928-1505,"org.eclipse.ui.project.closeProject",1352474472788
closed,editor,org.eclipse.emf.ecore.editor,2.7.0.v20120130-0943,"org.eclipse.emf.ecore.presentation.EcoreEditorID",1352474473215
closed,editor,org.eclipse.emf.ecoretools.diagram,1.0.0.v20110601-1615,"org.eclipse.emf.ecoretools.diagram.part.EcoreDiagramEditorID",1352474473331
deactivated,workbench,org.eclipse.ui.workbench,3.7.1.v20120104-1859,"",1352474475837
activated,workbench,org.eclipse.ui.workbench,3.7.1.v20120104-1859,"",1352474510044
executed,command,org.eclipse.ui,3.7.0.v20110928-1505,"org.eclipse.ui.file.import",1352474510058
deactivated,workbench,org.eclipse.ui.workbench,3.7.1.v20120104-1859,"",1352474514976
activated,workbench,org.eclipse.ui.workbench,3.7.1.v20120104-1859,"",1352474517786
executed,command,org.eclipse.ui,3.7.0.v20110928-1505,"org.eclipse.ui.file.properties",1352474517798
closed,workbench,org.eclipse.ui.workbench,3.7.1.v20120104-1859,"",1352474521196
executed,command,org.eclipse.ui,3.7.0.v20110928-1505,"org.eclipse.ui.file.restartWorkbench",1352474521567
stopped,bundle,org.eclipse.mylyn.ide.ant,3.6.0.v20110608-1400,"org.eclipse.mylyn.ide.ant",1352474521619
stopped,bundle,org.eclipse.emf.eef.codegen.ecore,1.0.2.v20120216-1513,"org.eclipse.emf.eef.codegen.ecore",1352474521620
stopped,bundle,org.eclipse.emf.eef.codegen,1.0.2.v20120216-1513,"org.eclipse.emf.eef.codegen",1352474521622
stopped,bundle,org.eclipse.mylyn.pde.ui,3.6.0.v20110608-1400,"org.eclipse.mylyn.pde.ui",1352474521623
stopped,bundle,org.eclipse.pde.api.tools.ui,1.0.301.v20110803_r371,"org.eclipse.pde.api.tools.ui",1352474521626
stopped,bundle,org.eclipse.pde.ds.ui,1.0.100.v20111213-1754,"org.eclipse.pde.ds.ui",1352474521627
stopped,bundle,org.eclipse.pde.runtime,3.4.201.v20110928-1516,"org.eclipse.pde.runtime",1352474521628
stopped,bundle,org.eclipse.pde.ua.ui,1.0.100.v20110516,"org.eclipse.pde.ua.ui",1352474521628
stopped,bundle,org.eclipse.pde.ui.templates,3.4.400.v20110928-1516,"org.eclipse.pde.ui.templates",1352474521629
stopped,bundle,org.eclipse.pde.ui,3.6.100.v20120103_r372,"org.eclipse.pde.ui",1352474521631
stopped,bundle,org.eclipse.ant.ui,3.5.101.v20120110-1739,"org.eclipse.ant.ui",1352474521633
stopped,bundle,org.eclipse.ant.launching,1.0.101.v20120110-1739,"org.eclipse.ant.launching",1352474521633
stopped,bundle,org.eclipse.compare.win32,1.0.200.I20110510-0800,"org.eclipse.compare.win32",1352474521634
stopped,bundle,org.eclipse.egit.ui,1.3.0.201202151440-r,"org.eclipse.egit.ui",1352474521634
stopped,bundle,org.eclipse.egit.core,1.3.0.201202151440-r,"org.eclipse.egit.core",1352474521634
stopped,bundle,org.eclipse.emf.compare.ui,1.2.2.v20120214-0915,"org.eclipse.emf.compare.ui",1352474521635
stopped,bundle,org.eclipse.equinox.p2.ui.sdk,1.0.200.v20110815-1419,"org.eclipse.equinox.p2.ui.sdk",1352474521636
stopped,bundle,org.eclipse.mylyn.java.tasks,3.6.0.v20110608-1400,"org.eclipse.mylyn.java.tasks",1352474521636
stopped,bundle,org.eclipse.mylyn.java.ui,3.6.0.v20110608-1400,"org.eclipse.mylyn.java.ui",1352474521637
stopped,bundle,org.eclipse.jdt.junit,3.7.0.v20110928-1453,"org.eclipse.jdt.junit",1352474521638
stopped,bundle,es.upv.dsic.issi.moment.mdt.maudesimpleGUI,2.0.6,"es.upv.dsic.issi.moment.mdt.maudesimpleGUI",1352474521639
stopped,bundle,org.antlr.eclipse.ui,3.0.5,"org.antlr.eclipse.ui",1352474521639
stopped,bundle,org.eclipse.jdt.apt.ui,3.3.300.v20110305-1450,"org.eclipse.jdt.apt.ui",1352474521639
stopped,bundle,org.eclipse.jdt.debug.ui,3.6.1.v20111006_r372,"org.eclipse.jdt.debug.ui",1352474521640
stopped,bundle,org.eclipse.jdt.ui,3.7.2.v20120109-1427,"org.eclipse.jdt.ui",1352474521645
stopped,bundle,org.eclipse.search,3.7.0.v20110928-1504,"org.eclipse.search",1352474521654
stopped,bundle,org.eclipse.emf.cdo.ui.ide,4.0.0.v20110607-1031,"org.eclipse.emf.cdo.ui.ide",1352474521655
stopped,bundle,org.eclipse.emf.ecoretools,1.0.0.v20110608-1236,"org.eclipse.emf.ecoretools",1352474521656
stopped,bundle,org.eclipse.emf.ecoretools.diagram,1.0.0.v20110601-1615,"org.eclipse.emf.ecoretools.diagram",1352474521656
stopped,bundle,org.eclipse.mylyn.commons.team,0.8.0.v20110608-1400,"org.eclipse.mylyn.commons.team",1352474521657
stopped,bundle,org.eclipse.mylyn.team.ui,3.6.1.v20110825-0100,"org.eclipse.mylyn.team.ui",1352474521657
stopped,bundle,org.eclipse.ui.navigator.resources,3.4.300.v20110928-1505,"org.eclipse.ui.navigator.resources",1352474521658
stopped,bundle,org.eclipse.ltk.ui.refactoring,3.6.0.v20110928-1453,"org.eclipse.ltk.ui.refactoring",1352474521658
stopped,bundle,org.eclipse.mylyn.bugzilla.ui,3.6.0.v20110608-1400,"org.eclipse.mylyn.bugzilla.ui",1352474521659
stopped,bundle,org.eclipse.mylyn.ide.ui,3.6.0.v20110608-1400,"org.eclipse.mylyn.ide.ui",1352474521661
activated,perspective,org.eclipse.jdt.ui,,"org.eclipse.jdt.ui.JavaPerspective",1352474553321
started,bundle,org.eclipse.osgi,3.7.2.v20120110-1415,"org.eclipse.osgi",1352474553323
started,bundle,org.eclipse.equinox.simpleconfigurator,1.0.200.v20110815-1438,"org.eclipse.equinox.simpleconfigurator",1352474553324
started,bundle,com.ibm.icu,4.4.2.v20110823,"com.ibm.icu",1352474553324
started,bundle,org.eclipse.core.contenttype,3.4.100.v20110423-0524,"org.eclipse.core.contenttype",1352474553325
started,bundle,org.eclipse.core.databinding.observable,1.4.0.I20110222-0800,"org.eclipse.core.databinding.observable",1352474553328
started,bundle,org.eclipse.core.expressions,3.4.300.v20110228,"org.eclipse.core.expressions",1352474553328
started,bundle,org.eclipse.core.filebuffers,3.5.200.v20110928-1504,"org.eclipse.core.filebuffers",1352474553329
started,bundle,org.eclipse.core.filesystem,1.3.100.v20110423-0524,"org.eclipse.core.filesystem",1352474553330
started,bundle,org.eclipse.core.jobs,3.5.101.v20120113-1953,"org.eclipse.core.jobs",1352474553331
started,bundle,org.eclipse.core.net,1.2.100.I20110511-0800,"org.eclipse.core.net",1352474553332
started,bundle,org.eclipse.core.resources,3.7.101.v20120125-1505,"org.eclipse.core.resources",1352474553333
started,bundle,org.eclipse.core.runtime,3.7.0.v20110110,"org.eclipse.core.runtime",1352474553333
started,bundle,org.eclipse.core.runtime.compatibility,3.2.100.v20100505,"org.eclipse.core.runtime.compatibility",1352474553334
started,bundle,org.eclipse.core.runtime.compatibility.auth,3.2.200.v20110110,"org.eclipse.core.runtime.compatibility.auth",1352474553335
started,bundle,org.eclipse.egit.core,1.3.0.201202151440-r,"org.eclipse.egit.core",1352474553337
started,bundle,org.eclipse.egit.ui,1.3.0.201202151440-r,"org.eclipse.egit.ui",1352474553339
started,bundle,org.eclipse.epp.mpc.ui,1.1.1.I20110907-0947,"org.eclipse.epp.mpc.ui",1352474553340
started,bundle,org.eclipse.epp.usagedata.gathering,1.3.1.R201106061540,"org.eclipse.epp.usagedata.gathering",1352474553340
started,bundle,org.eclipse.epp.usagedata.recording,1.3.1.R201106061540,"org.eclipse.epp.usagedata.recording",1352474553341
started,bundle,org.eclipse.equinox.app,1.3.100.v20110321,"org.eclipse.equinox.app",1352474553342
started,bundle,org.eclipse.equinox.common,3.6.0.v20110523,"org.eclipse.equinox.common",1352474553343
started,bundle,org.eclipse.equinox.ds,1.3.1.R37x_v20110701,"org.eclipse.equinox.ds",1352474553344
started,bundle,org.eclipse.equinox.event,1.2.100.v20110502,"org.eclipse.equinox.event",1352474553345
started,bundle,org.eclipse.equinox.p2.core,2.1.1.v20120113-1346,"org.eclipse.equinox.p2.core",1352474553346
started,bundle,org.eclipse.equinox.p2.directorywatcher,1.0.300.v20110815-1419,"org.eclipse.equinox.p2.directorywatcher",1352474553347
started,bundle,org.eclipse.equinox.p2.engine,2.1.1.R37x_v20111003,"org.eclipse.equinox.p2.engine",1352474553348
started,bundle,org.eclipse.equinox.p2.metadata,2.1.0.v20110815-1419,"org.eclipse.equinox.p2.metadata",1352474553349
started,bundle,org.eclipse.equinox.p2.metadata.repository,1.2.0.v20110815-1419,"org.eclipse.equinox.p2.metadata.repository",1352474553349
started,bundle,org.eclipse.equinox.p2.operations,2.1.1.R37x_v20111111,"org.eclipse.equinox.p2.operations",1352474553350
started,bundle,org.eclipse.equinox.p2.reconciler.dropins,1.1.100.v20110815-1419,"org.eclipse.equinox.p2.reconciler.dropins",1352474553351
started,bundle,org.eclipse.equinox.p2.repository,2.1.1.v20120113-1346,"org.eclipse.equinox.p2.repository",1352474553352
started,bundle,org.eclipse.equinox.p2.ui.sdk.scheduler,1.0.100.v20110815-1419,"org.eclipse.equinox.p2.ui.sdk.scheduler",1352474553353
started,bundle,org.eclipse.equinox.p2.updatechecker,1.1.200.v20110815-1419,"org.eclipse.equinox.p2.updatechecker",1352474553353
started,bundle,org.eclipse.equinox.preferences,3.4.2.v20120111-2020,"org.eclipse.equinox.preferences",1352474553354
started,bundle,org.eclipse.equinox.registry,3.5.101.R37x_v20110810-1611,"org.eclipse.equinox.registry",1352474553354
started,bundle,org.eclipse.equinox.security,1.1.1.R37x_v20110822-1018,"org.eclipse.equinox.security",1352474553355
started,bundle,org.eclipse.equinox.util,1.0.300.v20110502,"org.eclipse.equinox.util",1352474553356
started,bundle,org.eclipse.help,3.5.100.v20110426,"org.eclipse.help",1352474553357
started,bundle,org.eclipse.jdt.core,3.7.3.v20120119-1537,"org.eclipse.jdt.core",1352474553358
started,bundle,org.eclipse.jdt.core.manipulation,1.4.0.v20110928-1453,"org.eclipse.jdt.core.manipulation",1352474553358
started,bundle,org.eclipse.jdt.ui,3.7.2.v20120109-1427,"org.eclipse.jdt.ui",1352474553360
started,bundle,org.eclipse.jface,3.7.0.v20110928-1505,"org.eclipse.jface",1352474553361
started,bundle,org.eclipse.jgit,1.3.0.201202151440-r,"org.eclipse.jgit",1352474553361
started,bundle,org.eclipse.jsch.core,1.1.300.I20110514-0800,"org.eclipse.jsch.core",1352474553362
started,bundle,org.eclipse.mylyn.bugzilla.core,3.6.5.v20120123-0100,"org.eclipse.mylyn.bugzilla.core",1352474553362
started,bundle,org.eclipse.mylyn.bugzilla.ui,3.6.0.v20110608-1400,"org.eclipse.mylyn.bugzilla.ui",1352474553363
started,bundle,org.eclipse.mylyn.commons.identity,0.8.0.v20110608-1400,"org.eclipse.mylyn.commons.identity",1352474553365
started,bundle,org.eclipse.mylyn.commons.net,3.6.0.v20110608-1400,"org.eclipse.mylyn.commons.net",1352474553365
started,bundle,org.eclipse.mylyn.commons.ui,3.6.1.v20110720-0100,"org.eclipse.mylyn.commons.ui",1352474553366
started,bundle,org.eclipse.mylyn.context.core,3.6.1.v20110720-0100,"org.eclipse.mylyn.context.core",1352474553366
started,bundle,org.eclipse.mylyn.context.ui,3.6.1.v20120112-0100,"org.eclipse.mylyn.context.ui",1352474553367
started,bundle,org.eclipse.mylyn.monitor.ui,3.6.0.v20110608-1400,"org.eclipse.mylyn.monitor.ui",1352474553367
started,bundle,org.eclipse.mylyn.tasks.ui,3.6.5.v20120215-0100,"org.eclipse.mylyn.tasks.ui",1352474553368
started,bundle,org.eclipse.mylyn.team.ui,3.6.1.v20110825-0100,"org.eclipse.mylyn.team.ui",1352474553369
started,bundle,org.eclipse.pde.launching,3.6.0.v20110506,"org.eclipse.pde.launching",1352474553369
started,bundle,org.eclipse.pde.ui,3.6.100.v20120103_r372,"org.eclipse.pde.ui",1352474553370
started,bundle,org.eclipse.search,3.7.0.v20110928-1504,"org.eclipse.search",1352474553371
started,bundle,org.eclipse.team.core,3.6.0.I20110525-0800,"org.eclipse.team.core",1352474553371
started,bundle,org.eclipse.team.cvs.core,3.3.400.I20110510-0800,"org.eclipse.team.cvs.core",1352474553372
started,bundle,org.eclipse.team.cvs.ui,3.3.401.v20120126-1227,"org.eclipse.team.cvs.ui",1352474553373
started,bundle,org.eclipse.team.ui,3.6.101.R37x_v20111109-0800,"org.eclipse.team.ui",1352474553373
started,bundle,org.eclipse.ui,3.7.0.v20110928-1505,"org.eclipse.ui",1352474553375
started,bundle,org.eclipse.ui.console,3.5.100.v20111007_r372,"org.eclipse.ui.console",1352474553375
started,bundle,org.eclipse.ui.editors,3.7.0.v20110928-1504,"org.eclipse.ui.editors",1352474553376
started,bundle,org.eclipse.ui.forms,3.5.101.v20111011-1919,"org.eclipse.ui.forms",1352474553377
started,bundle,org.eclipse.ui.ide,3.7.0.v20110928-1505,"org.eclipse.ui.ide",1352474553378
started,bundle,org.eclipse.ui.net,1.2.100.v20111208-1155,"org.eclipse.ui.net",1352474553378
started,bundle,org.eclipse.ui.views,3.6.0.v20110928-1505,"org.eclipse.ui.views",1352474553379
started,bundle,org.eclipse.ui.views.log,1.0.200.v20110404,"org.eclipse.ui.views.log",1352474553379
started,bundle,org.eclipse.ui.workbench,3.7.1.v20120104-1859,"org.eclipse.ui.workbench",1352474553380
started,bundle,org.eclipse.ui.workbench.texteditor,3.7.0.v20110928-1504,"org.eclipse.ui.workbench.texteditor",1352474553381
started,bundle,org.eclipse.update.configurator,3.3.100.v20100512,"org.eclipse.update.configurator",1352474553381
started,bundle,org.eclipse.update.core,3.2.500.v20110330,"org.eclipse.update.core",1352474553382
started,bundle,org.eclipse.update.scheduler,3.2.300.v20100512,"org.eclipse.update.scheduler",1352474553382
